<?xml version="1.0" encoding="UTF-8" standalone="no"?>
<!DOCTYPE hibernate-configuration PUBLIC "-//Hibernate/Hibernate Configuration DTD 3.0//EN" "http://www.hibernate.org/dtd/hibernate-configuration-3.0.dtd">
<hibernate-configuration>
	<session-factory>
		<property name="hibernate.connection.driver_class">com.mysql.jdbc.Driver</property>
		<property name="hibernate.connection.url">jdbc:mysql://127.0.0.1/tienda_miguel_serbatic</property>
		<property name="hibernate.connection.username">root</property>
		<property name="hibernate.dialect">org.hibernate.dialect.MySQLDialect</property>
		<property name="hibernate.format_sql">true</property>
		<property name="hibernate.hbm2ddl.auto">none</property>
		<property name="hibernate.search.autoregister_listeners">true</property>
		<property name="hibernate.show_sql">true</property>
		<property name="hibernate.validator.apply_to_ddl">false</property>
		
		<mapping class="hibernate.VO.Roles" />
		<mapping class="hibernate.VO.Impuestos" />
		<mapping class="hibernate.VO.Valoraciones" />
		<mapping class="hibernate.VO.Descuentos" />
		<mapping class="hibernate.VO.Pedidos" />
		<mapping class="hibernate.VO.Categorias" />
		<mapping class="hibernate.VO.MetodosPago" />
		<mapping class="hibernate.VO.Configuracion" />
		<mapping class="hibernate.VO.DetallesPedido" />
		<mapping class="hibernate.VO.Usuarios" />
		<mapping class="hibernate.VO.OpcionesMenu" />
		<mapping class="hibernate.VO.Productos" />
		<mapping class="hibernate.VO.Proveedores" />
	</session-factory>
</hibernate-configuration>
